{
  "epoch": 82,
  "computedAt": "2026-04-19T04:01:42.560Z",
  "merkleRoot": "fbe0268e22ce22a57035f7ebec18c1db77421b9582a81b0da65e2a3f0988e400",
  "scores": {
    "v1": {
      "total": 29.05,
      "normalized": 1
    },
    "v10": {
      "total": 0.55,
      "normalized": 0.0189328743545611
    },
    "v11": {
      "total": 3.324,
      "normalized": 0.11442340791738381
    },
    "v12": {
      "total": 1.8583333333333332,
      "normalized": 0.06397016637980493
    },
    "v13": {
      "total": 1.4523333333333333,
      "normalized": 0.049994262765347096
    },
    "v14": {
      "total": 1.6083333333333332,
      "normalized": 0.05536431440045897
    },
    "v15": {
      "total": 1.356,
      "normalized": 0.04667814113597246
    },
    "v16": {
      "total": 0.9823333333333333,
      "normalized": 0.0338152610441767
    },
    "v17": {
      "total": 0.7583333333333333,
      "normalized": 0.02610441767068273
    },
    "v18": {
      "total": 0.25600000000000006,
      "normalized": 0.00881239242685026
    },
    "v19": {
      "total": 0.55,
      "normalized": 0.0189328743545611
    },
    "v2": {
      "total": 6.466666666666667,
      "normalized": 0.22260470453241538
    },
    "v20": {
      "total": 9.35,
      "normalized": 0.3218588640275387
    },
    "v21": {
      "total": 0,
      "normalized": 0
    },
    "v22": {
      "total": 6.5,
      "normalized": 0.22375215146299482
    },
    "v23": {
      "total": 8.5,
      "normalized": 0.29259896729776247
    },
    "v24": {
      "total": 0,
      "normalized": 0
    },
    "v25": {
      "total": 0,
      "normalized": 0
    },
    "v26": {
      "total": 7.6499999999999995,
      "normalized": 0.2633390705679862
    },
    "v27": {
      "total": 0,
      "normalized": 0
    },
    "v28": {
      "total": 5.65,
      "normalized": 0.1944922547332186
    },
    "v29": {
      "total": 0,
      "normalized": 0
    },
    "v3": {
      "total": 3.3083333333333336,
      "normalized": 0.11388410786001148
    },
    "v30": {
      "total": 0,
      "normalized": 0
    },
    "v31": {
      "total": 4.8,
      "normalized": 0.16523235800344233
    },
    "v32": {
      "total": 0,
      "normalized": 0
    },
    "v33": {
      "total": 0,
      "normalized": 0
    },
    "v34": {
      "total": 6.8,
      "normalized": 0.23407917383820998
    },
    "v35": {
      "total": 0,
      "normalized": 0
    },
    "v36": {
      "total": 5.95,
      "normalized": 0.20481927710843373
    },
    "v37": {
      "total": 0,
      "normalized": 0
    },
    "v38": {
      "total": 0,
      "normalized": 0
    },
    "v39": {
      "total": 5.1,
      "normalized": 0.17555938037865748
    },
    "v4": {
      "total": 9.058333333333334,
      "normalized": 0.3118187033849684
    },
    "v40": {
      "total": 3.9499999999999997,
      "normalized": 0.13597246127366608
    },
    "v41": {
      "total": 0,
      "normalized": 0
    },
    "v42": {
      "total": 4.25,
      "normalized": 0.14629948364888123
    },
    "v43": {
      "total": 0,
      "normalized": 0
    },
    "v44": {
      "total": 0,
      "normalized": 0
    },
    "v45": {
      "total": 3.1,
      "normalized": 0.10671256454388985
    },
    "v46": {
      "total": 3.4,
      "normalized": 0.11703958691910499
    },
    "v47": {
      "total": 0,
      "normalized": 0
    },
    "v48": {
      "total": 2.25,
      "normalized": 0.0774526678141136
    },
    "v49": {
      "total": 0,
      "normalized": 0
    },
    "v5": {
      "total": 0,
      "normalized": 0
    },
    "v50": {
      "total": 2.55,
      "normalized": 0.08777969018932874
    },
    "v51": {
      "total": 0,
      "normalized": 0
    },
    "v52": {
      "total": 1.4,
      "normalized": 0.048192771084337345
    },
    "v53": {
      "total": 1.7,
      "normalized": 0.058519793459552494
    },
    "v54": {
      "total": 0,
      "normalized": 0
    },
    "v55": {
      "total": 0.55,
      "normalized": 0.0189328743545611
    },
    "v56": {
      "total": 0,
      "normalized": 0
    },
    "v57": {
      "total": 0.85,
      "normalized": 0.029259896729776247
    },
    "v58": {
      "total": 0,
      "normalized": 0
    },
    "v59": {
      "total": 0,
      "normalized": 0
    },
    "v6": {
      "total": 2.774,
      "normalized": 0.09549053356282272
    },
    "v60": {
      "total": 0,
      "normalized": 0
    },
    "v61": {
      "total": 0,
      "normalized": 0
    },
    "v62": {
      "total": 0,
      "normalized": 0
    },
    "v7": {
      "total": 0.7583333333333333,
      "normalized": 0.02610441767068273
    },
    "v8": {
      "total": 14.244,
      "normalized": 0.49032702237521514
    },
    "v9": {
      "total": 4.966666666666667,
      "normalized": 0.17096959265633965
    }
  }
}