{
  "epoch": 28,
  "computedAt": "2026-04-01T04:00:57.701Z",
  "merkleRoot": "4479e8b025ceb473c079875aef25e4800726d155b37aba84bb18fa1c060ddf86",
  "scores": {
    "v1": {
      "total": 16.45,
      "normalized": 1
    },
    "v10": {
      "total": 0.55,
      "normalized": 0.033434650455927056
    },
    "v11": {
      "total": 3.324,
      "normalized": 0.20206686930091186
    },
    "v12": {
      "total": 1.8583333333333332,
      "normalized": 0.11296859169199594
    },
    "v13": {
      "total": 1.4523333333333333,
      "normalized": 0.08828774062816616
    },
    "v14": {
      "total": 1.3083333333333333,
      "normalized": 0.0795339412360689
    },
    "v15": {
      "total": 1.356,
      "normalized": 0.08243161094224925
    },
    "v16": {
      "total": 0.9823333333333333,
      "normalized": 0.05971631205673759
    },
    "v17": {
      "total": 0.7583333333333333,
      "normalized": 0.04609929078014184
    },
    "v18": {
      "total": 0.25600000000000006,
      "normalized": 0.01556231003039514
    },
    "v19": {
      "total": 0.55,
      "normalized": 0.033434650455927056
    },
    "v2": {
      "total": 6.166666666666667,
      "normalized": 0.3748733535967579
    },
    "v20": {
      "total": 1.4,
      "normalized": 0.0851063829787234
    },
    "v21": {
      "total": 0,
      "normalized": 0
    },
    "v22": {
      "total": 0,
      "normalized": 0
    },
    "v23": {
      "total": 0.55,
      "normalized": 0.033434650455927056
    },
    "v24": {
      "total": 0,
      "normalized": 0
    },
    "v25": {
      "total": 0,
      "normalized": 0
    },
    "v26": {
      "total": 0,
      "normalized": 0
    },
    "v3": {
      "total": 3.0083333333333333,
      "normalized": 0.1828774062816616
    },
    "v4": {
      "total": 2.7583333333333333,
      "normalized": 0.16767983789260385
    },
    "v5": {
      "total": 0,
      "normalized": 0
    },
    "v6": {
      "total": 2.474,
      "normalized": 0.15039513677811553
    },
    "v7": {
      "total": 0.7583333333333333,
      "normalized": 0.04609929078014184
    },
    "v8": {
      "total": 7.044,
      "normalized": 0.4282066869300912
    },
    "v9": {
      "total": 4.966666666666667,
      "normalized": 0.30192502532928067
    }
  }
}