{
  "epoch": 31,
  "computedAt": "2026-04-02T03:54:02.305Z",
  "merkleRoot": "e0868b75d4a6f04021c509ca22895d63699c8e0af4c5d2ce66c448a31030910b",
  "scores": {
    "v1": {
      "total": 17.35,
      "normalized": 1
    },
    "v10": {
      "total": 0.55,
      "normalized": 0.03170028818443804
    },
    "v11": {
      "total": 3.324,
      "normalized": 0.19158501440922188
    },
    "v12": {
      "total": 1.8583333333333332,
      "normalized": 0.10710854947166185
    },
    "v13": {
      "total": 1.4523333333333333,
      "normalized": 0.08370797310278577
    },
    "v14": {
      "total": 1.6083333333333332,
      "normalized": 0.09269932756964455
    },
    "v15": {
      "total": 1.356,
      "normalized": 0.07815561959654178
    },
    "v16": {
      "total": 0.9823333333333333,
      "normalized": 0.05661863592699327
    },
    "v17": {
      "total": 0.7583333333333333,
      "normalized": 0.04370797310278578
    },
    "v18": {
      "total": 0.25600000000000006,
      "normalized": 0.014755043227665708
    },
    "v19": {
      "total": 0.55,
      "normalized": 0.03170028818443804
    },
    "v2": {
      "total": 6.466666666666667,
      "normalized": 0.3727185398655139
    },
    "v20": {
      "total": 1.4,
      "normalized": 0.08069164265129682
    },
    "v21": {
      "total": 0,
      "normalized": 0
    },
    "v22": {
      "total": 0.55,
      "normalized": 0.03170028818443804
    },
    "v23": {
      "total": 0.55,
      "normalized": 0.03170028818443804
    },
    "v24": {
      "total": 0,
      "normalized": 0
    },
    "v25": {
      "total": 0,
      "normalized": 0
    },
    "v26": {
      "total": 0,
      "normalized": 0
    },
    "v27": {
      "total": 0,
      "normalized": 0
    },
    "v28": {
      "total": 0,
      "normalized": 0
    },
    "v3": {
      "total": 3.3083333333333336,
      "normalized": 0.19068203650336216
    },
    "v4": {
      "total": 3.0583333333333336,
      "normalized": 0.17627281460134486
    },
    "v5": {
      "total": 0,
      "normalized": 0
    },
    "v6": {
      "total": 2.774,
      "normalized": 0.15988472622478386
    },
    "v7": {
      "total": 0.7583333333333333,
      "normalized": 0.04370797310278578
    },
    "v8": {
      "total": 7.044,
      "normalized": 0.40599423631123915
    },
    "v9": {
      "total": 4.966666666666667,
      "normalized": 0.2862632084534102
    }
  }
}