{
  "epoch": 22,
  "computedAt": "2026-03-30T04:00:03.283Z",
  "merkleRoot": "9e859f3814151fb645d66dc92a93b1661bddd48c4764b379e9810f078cc89a78",
  "scores": {
    "v1": {
      "total": 15.25,
      "normalized": 1
    },
    "v10": {
      "total": 0.55,
      "normalized": 0.036065573770491806
    },
    "v11": {
      "total": 3.324,
      "normalized": 0.2179672131147541
    },
    "v12": {
      "total": 1.8583333333333332,
      "normalized": 0.12185792349726775
    },
    "v13": {
      "total": 1.4523333333333333,
      "normalized": 0.09523497267759562
    },
    "v14": {
      "total": 1.3083333333333333,
      "normalized": 0.08579234972677596
    },
    "v15": {
      "total": 1.356,
      "normalized": 0.08891803278688525
    },
    "v16": {
      "total": 0.9823333333333333,
      "normalized": 0.06441530054644809
    },
    "v17": {
      "total": 0.7583333333333333,
      "normalized": 0.04972677595628415
    },
    "v18": {
      "total": 0.25600000000000006,
      "normalized": 0.016786885245901644
    },
    "v19": {
      "total": 0,
      "normalized": 0
    },
    "v2": {
      "total": 6.166666666666667,
      "normalized": 0.40437158469945356
    },
    "v20": {
      "total": 0,
      "normalized": 0
    },
    "v21": {
      "total": 0,
      "normalized": 0
    },
    "v22": {
      "total": 0,
      "normalized": 0
    },
    "v3": {
      "total": 3.0083333333333333,
      "normalized": 0.19726775956284154
    },
    "v4": {
      "total": 2.4583333333333335,
      "normalized": 0.16120218579234974
    },
    "v5": {
      "total": 0,
      "normalized": 0
    },
    "v6": {
      "total": 2.474,
      "normalized": 0.16222950819672133
    },
    "v7": {
      "total": 0.7583333333333333,
      "normalized": 0.04972677595628415
    },
    "v8": {
      "total": 6.144,
      "normalized": 0.4028852459016394
    },
    "v9": {
      "total": 4.966666666666667,
      "normalized": 0.3256830601092896
    }
  }
}