{
  "epoch": 61,
  "computedAt": "2026-04-12T04:00:38.156Z",
  "merkleRoot": "d608dca346a7265acd9369a130776d86073380e3f99cbdeca6e0257ab9fb4f58",
  "scores": {
    "v1": {
      "total": 23.849999999999998,
      "normalized": 1
    },
    "v10": {
      "total": 0.55,
      "normalized": 0.02306079664570231
    },
    "v11": {
      "total": 3.324,
      "normalized": 0.13937106918238995
    },
    "v12": {
      "total": 1.8583333333333332,
      "normalized": 0.07791754018169113
    },
    "v13": {
      "total": 1.4523333333333333,
      "normalized": 0.06089447938504543
    },
    "v14": {
      "total": 1.6083333333333332,
      "normalized": 0.06743535988819008
    },
    "v15": {
      "total": 1.356,
      "normalized": 0.0568553459119497
    },
    "v16": {
      "total": 0.9823333333333333,
      "normalized": 0.04118798043326345
    },
    "v17": {
      "total": 0.7583333333333333,
      "normalized": 0.03179594689028652
    },
    "v18": {
      "total": 0.25600000000000006,
      "normalized": 0.010733752620545076
    },
    "v19": {
      "total": 0.55,
      "normalized": 0.02306079664570231
    },
    "v2": {
      "total": 6.466666666666667,
      "normalized": 0.2711390635918938
    },
    "v20": {
      "total": 5.65,
      "normalized": 0.23689727463312374
    },
    "v21": {
      "total": 0,
      "normalized": 0
    },
    "v22": {
      "total": 4.25,
      "normalized": 0.17819706498951784
    },
    "v23": {
      "total": 4.8,
      "normalized": 0.20125786163522014
    },
    "v24": {
      "total": 0,
      "normalized": 0
    },
    "v25": {
      "total": 0,
      "normalized": 0
    },
    "v26": {
      "total": 3.9499999999999997,
      "normalized": 0.16561844863731656
    },
    "v27": {
      "total": 0,
      "normalized": 0
    },
    "v28": {
      "total": 3.4,
      "normalized": 0.14255765199161427
    },
    "v29": {
      "total": 0,
      "normalized": 0
    },
    "v3": {
      "total": 3.3083333333333336,
      "normalized": 0.13871418588399723
    },
    "v30": {
      "total": 0,
      "normalized": 0
    },
    "v31": {
      "total": 2.55,
      "normalized": 0.1069182389937107
    },
    "v32": {
      "total": 0,
      "normalized": 0
    },
    "v33": {
      "total": 0,
      "normalized": 0
    },
    "v34": {
      "total": 3.1,
      "normalized": 0.12997903563941302
    },
    "v35": {
      "total": 0,
      "normalized": 0
    },
    "v36": {
      "total": 2.25,
      "normalized": 0.09433962264150944
    },
    "v37": {
      "total": 0,
      "normalized": 0
    },
    "v38": {
      "total": 0,
      "normalized": 0
    },
    "v39": {
      "total": 1.4,
      "normalized": 0.05870020964360587
    },
    "v4": {
      "total": 6.808333333333333,
      "normalized": 0.2854647099930119
    },
    "v40": {
      "total": 1.7,
      "normalized": 0.07127882599580714
    },
    "v41": {
      "total": 0,
      "normalized": 0
    },
    "v42": {
      "total": 0.55,
      "normalized": 0.02306079664570231
    },
    "v43": {
      "total": 0,
      "normalized": 0
    },
    "v44": {
      "total": 0,
      "normalized": 0
    },
    "v45": {
      "total": 0.85,
      "normalized": 0.03563941299790357
    },
    "v46": {
      "total": 0,
      "normalized": 0
    },
    "v47": {
      "total": 0,
      "normalized": 0
    },
    "v48": {
      "total": 0,
      "normalized": 0
    },
    "v5": {
      "total": 0,
      "normalized": 0
    },
    "v6": {
      "total": 2.774,
      "normalized": 0.11631027253668764
    },
    "v7": {
      "total": 0.7583333333333333,
      "normalized": 0.03179594689028652
    },
    "v8": {
      "total": 10.544,
      "normalized": 0.44209643605870025
    },
    "v9": {
      "total": 4.966666666666667,
      "normalized": 0.20824598183088752
    }
  }
}