{
  "epoch": 58,
  "computedAt": "2026-04-11T03:48:49.987Z",
  "merkleRoot": "b625342487e0fbd0a01de5e77ad599f8864278a6829d3d2260a0ef8dce8ad2f0",
  "scores": {
    "v1": {
      "total": 23.25,
      "normalized": 1
    },
    "v10": {
      "total": 0.55,
      "normalized": 0.023655913978494626
    },
    "v11": {
      "total": 3.324,
      "normalized": 0.14296774193548387
    },
    "v12": {
      "total": 1.8583333333333332,
      "normalized": 0.07992831541218637
    },
    "v13": {
      "total": 1.4523333333333333,
      "normalized": 0.06246594982078853
    },
    "v14": {
      "total": 1.6083333333333332,
      "normalized": 0.06917562724014337
    },
    "v15": {
      "total": 1.356,
      "normalized": 0.05832258064516129
    },
    "v16": {
      "total": 0.9823333333333333,
      "normalized": 0.04225089605734767
    },
    "v17": {
      "total": 0.7583333333333333,
      "normalized": 0.03261648745519713
    },
    "v18": {
      "total": 0.25600000000000006,
      "normalized": 0.011010752688172046
    },
    "v19": {
      "total": 0.55,
      "normalized": 0.023655913978494626
    },
    "v2": {
      "total": 6.466666666666667,
      "normalized": 0.27813620071684586
    },
    "v20": {
      "total": 5.65,
      "normalized": 0.24301075268817207
    },
    "v21": {
      "total": 0,
      "normalized": 0
    },
    "v22": {
      "total": 3.4,
      "normalized": 0.14623655913978495
    },
    "v23": {
      "total": 4.8,
      "normalized": 0.2064516129032258
    },
    "v24": {
      "total": 0,
      "normalized": 0
    },
    "v25": {
      "total": 0,
      "normalized": 0
    },
    "v26": {
      "total": 3.9499999999999997,
      "normalized": 0.16989247311827957
    },
    "v27": {
      "total": 0,
      "normalized": 0
    },
    "v28": {
      "total": 2.55,
      "normalized": 0.1096774193548387
    },
    "v29": {
      "total": 0,
      "normalized": 0
    },
    "v3": {
      "total": 3.3083333333333336,
      "normalized": 0.14229390681003584
    },
    "v30": {
      "total": 0,
      "normalized": 0
    },
    "v31": {
      "total": 1.7,
      "normalized": 0.07311827956989247
    },
    "v32": {
      "total": 0,
      "normalized": 0
    },
    "v33": {
      "total": 0,
      "normalized": 0
    },
    "v34": {
      "total": 3.1,
      "normalized": 0.13333333333333333
    },
    "v35": {
      "total": 0,
      "normalized": 0
    },
    "v36": {
      "total": 2.25,
      "normalized": 0.0967741935483871
    },
    "v37": {
      "total": 0,
      "normalized": 0
    },
    "v38": {
      "total": 0,
      "normalized": 0
    },
    "v39": {
      "total": 1.4,
      "normalized": 0.06021505376344086
    },
    "v4": {
      "total": 5.958333333333333,
      "normalized": 0.25627240143369173
    },
    "v40": {
      "total": 0.85,
      "normalized": 0.03655913978494624
    },
    "v41": {
      "total": 0,
      "normalized": 0
    },
    "v42": {
      "total": 0.55,
      "normalized": 0.023655913978494626
    },
    "v43": {
      "total": 0,
      "normalized": 0
    },
    "v44": {
      "total": 0,
      "normalized": 0
    },
    "v45": {
      "total": 0,
      "normalized": 0
    },
    "v46": {
      "total": 0,
      "normalized": 0
    },
    "v5": {
      "total": 0,
      "normalized": 0
    },
    "v6": {
      "total": 2.774,
      "normalized": 0.11931182795698925
    },
    "v7": {
      "total": 0.7583333333333333,
      "normalized": 0.03261648745519713
    },
    "v8": {
      "total": 10.544,
      "normalized": 0.45350537634408605
    },
    "v9": {
      "total": 4.966666666666667,
      "normalized": 0.21362007168458783
    }
  }
}