{
  "epoch": 37,
  "computedAt": "2026-04-04T03:46:45.005Z",
  "merkleRoot": "1f09311a34a3246b06d49c299e6cafdbf47975cc738e75c7b5fb1e54db55ae5b",
  "scores": {
    "v1": {
      "total": 18.55,
      "normalized": 1
    },
    "v10": {
      "total": 0.55,
      "normalized": 0.029649595687331536
    },
    "v11": {
      "total": 3.324,
      "normalized": 0.17919137466307275
    },
    "v12": {
      "total": 1.8583333333333332,
      "normalized": 0.10017969451931714
    },
    "v13": {
      "total": 1.4523333333333333,
      "normalized": 0.07829290206648697
    },
    "v14": {
      "total": 1.6083333333333332,
      "normalized": 0.08670260557053008
    },
    "v15": {
      "total": 1.356,
      "normalized": 0.07309973045822103
    },
    "v16": {
      "total": 0.9823333333333333,
      "normalized": 0.05295597484276729
    },
    "v17": {
      "total": 0.7583333333333333,
      "normalized": 0.040880503144654086
    },
    "v18": {
      "total": 0.25600000000000006,
      "normalized": 0.013800539083557955
    },
    "v19": {
      "total": 0.55,
      "normalized": 0.029649595687331536
    },
    "v2": {
      "total": 6.466666666666667,
      "normalized": 0.348607367475292
    },
    "v20": {
      "total": 1.95,
      "normalized": 0.10512129380053908
    },
    "v21": {
      "total": 0,
      "normalized": 0
    },
    "v22": {
      "total": 1.4,
      "normalized": 0.07547169811320754
    },
    "v23": {
      "total": 1.1,
      "normalized": 0.05929919137466307
    },
    "v24": {
      "total": 0,
      "normalized": 0
    },
    "v25": {
      "total": 0,
      "normalized": 0
    },
    "v26": {
      "total": 0.55,
      "normalized": 0.029649595687331536
    },
    "v27": {
      "total": 0,
      "normalized": 0
    },
    "v28": {
      "total": 0.85,
      "normalized": 0.045822102425876005
    },
    "v29": {
      "total": 0,
      "normalized": 0
    },
    "v3": {
      "total": 3.3083333333333336,
      "normalized": 0.17834681042228212
    },
    "v30": {
      "total": 0,
      "normalized": 0
    },
    "v31": {
      "total": 0,
      "normalized": 0
    },
    "v32": {
      "total": 0,
      "normalized": 0
    },
    "v4": {
      "total": 3.9583333333333335,
      "normalized": 0.21338724168912848
    },
    "v5": {
      "total": 0,
      "normalized": 0
    },
    "v6": {
      "total": 2.774,
      "normalized": 0.14954177897574122
    },
    "v7": {
      "total": 0.7583333333333333,
      "normalized": 0.040880503144654086
    },
    "v8": {
      "total": 7.344,
      "normalized": 0.3959029649595687
    },
    "v9": {
      "total": 4.966666666666667,
      "normalized": 0.26774483378256964
    }
  }
}