{
  "epoch": 17,
  "computedAt": "2026-03-29T13:04:07.599Z",
  "merkleRoot": "8362e10728822acd534b915f6244c9cab09356c6900490e2b8a7f3618ac8a83d",
  "scores": {
    "v1": {
      "total": 14.049999999999999,
      "normalized": 1
    },
    "v10": {
      "total": 0,
      "normalized": 0
    },
    "v11": {
      "total": 3.324,
      "normalized": 0.23658362989323845
    },
    "v12": {
      "total": 1.8583333333333332,
      "normalized": 0.13226571767497033
    },
    "v13": {
      "total": 1.4523333333333333,
      "normalized": 0.10336892052194543
    },
    "v14": {
      "total": 1.3083333333333333,
      "normalized": 0.09311981020166074
    },
    "v15": {
      "total": 1.356,
      "normalized": 0.09651245551601424
    },
    "v16": {
      "total": 0.9823333333333333,
      "normalized": 0.06991696322657177
    },
    "v17": {
      "total": 0.7583333333333333,
      "normalized": 0.05397390272835113
    },
    "v18": {
      "total": 0.25600000000000006,
      "normalized": 0.018220640569395024
    },
    "v2": {
      "total": 6.166666666666667,
      "normalized": 0.438908659549229
    },
    "v3": {
      "total": 3.0083333333333333,
      "normalized": 0.21411625148279953
    },
    "v4": {
      "total": 1.8583333333333332,
      "normalized": 0.13226571767497033
    },
    "v5": {
      "total": 0,
      "normalized": 0
    },
    "v6": {
      "total": 2.474,
      "normalized": 0.17608540925266908
    },
    "v7": {
      "total": 0.7583333333333333,
      "normalized": 0.05397390272835113
    },
    "v8": {
      "total": 5.5440000000000005,
      "normalized": 0.39459074733096094
    },
    "v9": {
      "total": 4.966666666666667,
      "normalized": 0.3534994068801898
    }
  }
}