{
  "epoch": 52,
  "computedAt": "2026-04-09T03:55:21.040Z",
  "merkleRoot": "6b646b8156ade4c8f4dfa2e3891341e0c67617e08d4b337d15701140ba0a94b6",
  "scores": {
    "v1": {
      "total": 21.8,
      "normalized": 1
    },
    "v10": {
      "total": 0.55,
      "normalized": 0.02522935779816514
    },
    "v11": {
      "total": 3.324,
      "normalized": 0.15247706422018348
    },
    "v12": {
      "total": 1.8583333333333332,
      "normalized": 0.0852446483180428
    },
    "v13": {
      "total": 1.4523333333333333,
      "normalized": 0.06662079510703363
    },
    "v14": {
      "total": 1.6083333333333332,
      "normalized": 0.07377675840978593
    },
    "v15": {
      "total": 1.356,
      "normalized": 0.06220183486238532
    },
    "v16": {
      "total": 0.9823333333333333,
      "normalized": 0.0450611620795107
    },
    "v17": {
      "total": 0.7583333333333333,
      "normalized": 0.034785932721712536
    },
    "v18": {
      "total": 0.25600000000000006,
      "normalized": 0.011743119266055048
    },
    "v19": {
      "total": 0.55,
      "normalized": 0.02522935779816514
    },
    "v2": {
      "total": 6.466666666666667,
      "normalized": 0.2966360856269113
    },
    "v20": {
      "total": 4.5,
      "normalized": 0.20642201834862384
    },
    "v21": {
      "total": 0,
      "normalized": 0
    },
    "v22": {
      "total": 3.1,
      "normalized": 0.14220183486238533
    },
    "v23": {
      "total": 3.65,
      "normalized": 0.16743119266055045
    },
    "v24": {
      "total": 0,
      "normalized": 0
    },
    "v25": {
      "total": 0,
      "normalized": 0
    },
    "v26": {
      "total": 2.8,
      "normalized": 0.12844036697247704
    },
    "v27": {
      "total": 0,
      "normalized": 0
    },
    "v28": {
      "total": 2.25,
      "normalized": 0.10321100917431192
    },
    "v29": {
      "total": 0,
      "normalized": 0
    },
    "v3": {
      "total": 3.3083333333333336,
      "normalized": 0.15175840978593272
    },
    "v30": {
      "total": 0,
      "normalized": 0
    },
    "v31": {
      "total": 1.4,
      "normalized": 0.06422018348623852
    },
    "v32": {
      "total": 0,
      "normalized": 0
    },
    "v33": {
      "total": 0,
      "normalized": 0
    },
    "v34": {
      "total": 1.95,
      "normalized": 0.08944954128440366
    },
    "v35": {
      "total": 0,
      "normalized": 0
    },
    "v36": {
      "total": 1.1,
      "normalized": 0.05045871559633028
    },
    "v37": {
      "total": 0,
      "normalized": 0
    },
    "v38": {
      "total": 0,
      "normalized": 0
    },
    "v39": {
      "total": 0.55,
      "normalized": 0.02522935779816514
    },
    "v4": {
      "total": 5.658333333333333,
      "normalized": 0.2595565749235474
    },
    "v40": {
      "total": 0.55,
      "normalized": 0.02522935779816514
    },
    "v41": {
      "total": 0,
      "normalized": 0
    },
    "v42": {
      "total": 0,
      "normalized": 0
    },
    "v5": {
      "total": 0,
      "normalized": 0
    },
    "v6": {
      "total": 2.774,
      "normalized": 0.12724770642201835
    },
    "v7": {
      "total": 0.7583333333333333,
      "normalized": 0.034785932721712536
    },
    "v8": {
      "total": 9.394,
      "normalized": 0.4309174311926605
    },
    "v9": {
      "total": 4.966666666666667,
      "normalized": 0.22782874617737003
    }
  }
}