{
  "epoch": 43,
  "computedAt": "2026-04-06T03:59:26.740Z",
  "merkleRoot": "b3d0a79d4b7115f1bf82d49a7055a08604f968a8dbd6bccbb102d8e0a5192ab3",
  "scores": {
    "v1": {
      "total": 19.75,
      "normalized": 1
    },
    "v10": {
      "total": 0.55,
      "normalized": 0.027848101265822787
    },
    "v11": {
      "total": 3.324,
      "normalized": 0.16830379746835442
    },
    "v12": {
      "total": 1.8583333333333332,
      "normalized": 0.0940928270042194
    },
    "v13": {
      "total": 1.4523333333333333,
      "normalized": 0.07353586497890295
    },
    "v14": {
      "total": 1.6083333333333332,
      "normalized": 0.08143459915611813
    },
    "v15": {
      "total": 1.356,
      "normalized": 0.06865822784810127
    },
    "v16": {
      "total": 0.9823333333333333,
      "normalized": 0.04973839662447257
    },
    "v17": {
      "total": 0.7583333333333333,
      "normalized": 0.03839662447257384
    },
    "v18": {
      "total": 0.25600000000000006,
      "normalized": 0.012962025316455699
    },
    "v19": {
      "total": 0.55,
      "normalized": 0.027848101265822787
    },
    "v2": {
      "total": 6.466666666666667,
      "normalized": 0.32742616033755273
    },
    "v20": {
      "total": 3.1,
      "normalized": 0.1569620253164557
    },
    "v21": {
      "total": 0,
      "normalized": 0
    },
    "v22": {
      "total": 1.95,
      "normalized": 0.09873417721518987
    },
    "v23": {
      "total": 2.25,
      "normalized": 0.11392405063291139
    },
    "v24": {
      "total": 0,
      "normalized": 0
    },
    "v25": {
      "total": 0,
      "normalized": 0
    },
    "v26": {
      "total": 1.4,
      "normalized": 0.07088607594936708
    },
    "v27": {
      "total": 0,
      "normalized": 0
    },
    "v28": {
      "total": 1.4,
      "normalized": 0.07088607594936708
    },
    "v29": {
      "total": 0,
      "normalized": 0
    },
    "v3": {
      "total": 3.3083333333333336,
      "normalized": 0.16751054852320676
    },
    "v30": {
      "total": 0,
      "normalized": 0
    },
    "v31": {
      "total": 0.55,
      "normalized": 0.027848101265822787
    },
    "v32": {
      "total": 0,
      "normalized": 0
    },
    "v33": {
      "total": 0,
      "normalized": 0
    },
    "v34": {
      "total": 0.55,
      "normalized": 0.027848101265822787
    },
    "v35": {
      "total": 0,
      "normalized": 0
    },
    "v36": {
      "total": 0,
      "normalized": 0
    },
    "v4": {
      "total": 4.508333333333333,
      "normalized": 0.2282700421940928
    },
    "v5": {
      "total": 0,
      "normalized": 0
    },
    "v6": {
      "total": 2.774,
      "normalized": 0.14045569620253165
    },
    "v7": {
      "total": 0.7583333333333333,
      "normalized": 0.03839662447257384
    },
    "v8": {
      "total": 8.244,
      "normalized": 0.4174177215189873
    },
    "v9": {
      "total": 4.966666666666667,
      "normalized": 0.2514767932489452
    }
  }
}