{
  "epoch": 73,
  "computedAt": "2026-04-16T04:01:50.631Z",
  "merkleRoot": "7b7260cb4ad0a574379ac62f9c985c6033e6afe1e80177d09892b373a01db4e6",
  "scores": {
    "v1": {
      "total": 26.75,
      "normalized": 1
    },
    "v10": {
      "total": 0.55,
      "normalized": 0.020560747663551402
    },
    "v11": {
      "total": 3.324,
      "normalized": 0.12426168224299065
    },
    "v12": {
      "total": 1.8583333333333332,
      "normalized": 0.06947040498442367
    },
    "v13": {
      "total": 1.4523333333333333,
      "normalized": 0.05429283489096573
    },
    "v14": {
      "total": 1.6083333333333332,
      "normalized": 0.06012461059190031
    },
    "v15": {
      "total": 1.356,
      "normalized": 0.05069158878504673
    },
    "v16": {
      "total": 0.9823333333333333,
      "normalized": 0.0367227414330218
    },
    "v17": {
      "total": 0.7583333333333333,
      "normalized": 0.02834890965732087
    },
    "v18": {
      "total": 0.25600000000000006,
      "normalized": 0.009570093457943928
    },
    "v19": {
      "total": 0.55,
      "normalized": 0.020560747663551402
    },
    "v2": {
      "total": 6.466666666666667,
      "normalized": 0.24174454828660435
    },
    "v20": {
      "total": 7.6499999999999995,
      "normalized": 0.28598130841121494
    },
    "v21": {
      "total": 0,
      "normalized": 0
    },
    "v22": {
      "total": 5.65,
      "normalized": 0.21121495327102804
    },
    "v23": {
      "total": 6.8,
      "normalized": 0.2542056074766355
    },
    "v24": {
      "total": 0,
      "normalized": 0
    },
    "v25": {
      "total": 0,
      "normalized": 0
    },
    "v26": {
      "total": 5.95,
      "normalized": 0.22242990654205608
    },
    "v27": {
      "total": 0,
      "normalized": 0
    },
    "v28": {
      "total": 4.8,
      "normalized": 0.17943925233644858
    },
    "v29": {
      "total": 0,
      "normalized": 0
    },
    "v3": {
      "total": 3.3083333333333336,
      "normalized": 0.12367601246105919
    },
    "v30": {
      "total": 0,
      "normalized": 0
    },
    "v31": {
      "total": 3.9499999999999997,
      "normalized": 0.14766355140186915
    },
    "v32": {
      "total": 0,
      "normalized": 0
    },
    "v33": {
      "total": 0,
      "normalized": 0
    },
    "v34": {
      "total": 5.1,
      "normalized": 0.19065420560747662
    },
    "v35": {
      "total": 0,
      "normalized": 0
    },
    "v36": {
      "total": 4.25,
      "normalized": 0.1588785046728972
    },
    "v37": {
      "total": 0,
      "normalized": 0
    },
    "v38": {
      "total": 0,
      "normalized": 0
    },
    "v39": {
      "total": 3.4,
      "normalized": 0.12710280373831775
    },
    "v4": {
      "total": 8.208333333333334,
      "normalized": 0.30685358255451717
    },
    "v40": {
      "total": 3.1,
      "normalized": 0.11588785046728972
    },
    "v41": {
      "total": 0,
      "normalized": 0
    },
    "v42": {
      "total": 2.55,
      "normalized": 0.09532710280373831
    },
    "v43": {
      "total": 0,
      "normalized": 0
    },
    "v44": {
      "total": 0,
      "normalized": 0
    },
    "v45": {
      "total": 2.25,
      "normalized": 0.08411214953271028
    },
    "v46": {
      "total": 1.7,
      "normalized": 0.06355140186915888
    },
    "v47": {
      "total": 0,
      "normalized": 0
    },
    "v48": {
      "total": 1.4,
      "normalized": 0.05233644859813084
    },
    "v49": {
      "total": 0,
      "normalized": 0
    },
    "v5": {
      "total": 0,
      "normalized": 0
    },
    "v50": {
      "total": 0.85,
      "normalized": 0.03177570093457944
    },
    "v51": {
      "total": 0,
      "normalized": 0
    },
    "v52": {
      "total": 0.55,
      "normalized": 0.020560747663551402
    },
    "v53": {
      "total": 0,
      "normalized": 0
    },
    "v54": {
      "total": 0,
      "normalized": 0
    },
    "v55": {
      "total": 0,
      "normalized": 0
    },
    "v56": {
      "total": 0,
      "normalized": 0
    },
    "v6": {
      "total": 2.774,
      "normalized": 0.10370093457943926
    },
    "v7": {
      "total": 0.7583333333333333,
      "normalized": 0.02834890965732087
    },
    "v8": {
      "total": 12.544,
      "normalized": 0.4689345794392524
    },
    "v9": {
      "total": 4.966666666666667,
      "normalized": 0.1856697819314642
    }
  }
}