{
  "epoch": 18,
  "computedAt": "2026-03-29T13:27:06.960Z",
  "merkleRoot": "cfa0a8c7c910f94fabf07a18944e9c8459ec78a20601c3e28679d30515fb818b",
  "scores": {
    "v1": {
      "total": 14.35,
      "normalized": 1
    },
    "v10": {
      "total": 0,
      "normalized": 0
    },
    "v11": {
      "total": 3.324,
      "normalized": 0.2316376306620209
    },
    "v12": {
      "total": 1.8583333333333332,
      "normalized": 0.1295005807200929
    },
    "v13": {
      "total": 1.4523333333333333,
      "normalized": 0.10120789779326364
    },
    "v14": {
      "total": 1.3083333333333333,
      "normalized": 0.09117305458768873
    },
    "v15": {
      "total": 1.356,
      "normalized": 0.09449477351916377
    },
    "v16": {
      "total": 0.9823333333333333,
      "normalized": 0.06845528455284552
    },
    "v17": {
      "total": 0.7583333333333333,
      "normalized": 0.05284552845528455
    },
    "v18": {
      "total": 0.25600000000000006,
      "normalized": 0.017839721254355404
    },
    "v19": {
      "total": 0,
      "normalized": 0
    },
    "v2": {
      "total": 6.166666666666667,
      "normalized": 0.429732868757259
    },
    "v3": {
      "total": 3.0083333333333333,
      "normalized": 0.20963995354239257
    },
    "v4": {
      "total": 2.158333333333333,
      "normalized": 0.15040650406504064
    },
    "v5": {
      "total": 0,
      "normalized": 0
    },
    "v6": {
      "total": 2.474,
      "normalized": 0.17240418118466902
    },
    "v7": {
      "total": 0.7583333333333333,
      "normalized": 0.05284552845528455
    },
    "v8": {
      "total": 5.5440000000000005,
      "normalized": 0.3863414634146342
    },
    "v9": {
      "total": 4.966666666666667,
      "normalized": 0.3461091753774681
    }
  }
}