{
  "epoch": 46,
  "computedAt": "2026-04-07T03:56:09.590Z",
  "merkleRoot": "1f8aa11990fe119343741c836db346d4ff85a1fb29aa522b6555283365fb3df9",
  "scores": {
    "v1": {
      "total": 20.349999999999998,
      "normalized": 1
    },
    "v10": {
      "total": 0.55,
      "normalized": 0.027027027027027032
    },
    "v11": {
      "total": 3.324,
      "normalized": 0.16334152334152335
    },
    "v12": {
      "total": 1.8583333333333332,
      "normalized": 0.09131859131859132
    },
    "v13": {
      "total": 1.4523333333333333,
      "normalized": 0.07136773136773138
    },
    "v14": {
      "total": 1.6083333333333332,
      "normalized": 0.07903357903357904
    },
    "v15": {
      "total": 1.356,
      "normalized": 0.06663390663390664
    },
    "v16": {
      "total": 0.9823333333333333,
      "normalized": 0.048271908271908276
    },
    "v17": {
      "total": 0.7583333333333333,
      "normalized": 0.03726453726453727
    },
    "v18": {
      "total": 0.25600000000000006,
      "normalized": 0.012579852579852583
    },
    "v19": {
      "total": 0.55,
      "normalized": 0.027027027027027032
    },
    "v2": {
      "total": 6.466666666666667,
      "normalized": 0.3177723177723178
    },
    "v20": {
      "total": 3.4,
      "normalized": 0.1670761670761671
    },
    "v21": {
      "total": 0,
      "normalized": 0
    },
    "v22": {
      "total": 2.25,
      "normalized": 0.11056511056511058
    },
    "v23": {
      "total": 2.55,
      "normalized": 0.12530712530712532
    },
    "v24": {
      "total": 0,
      "normalized": 0
    },
    "v25": {
      "total": 0,
      "normalized": 0
    },
    "v26": {
      "total": 1.7,
      "normalized": 0.08353808353808355
    },
    "v27": {
      "total": 0,
      "normalized": 0
    },
    "v28": {
      "total": 1.4,
      "normalized": 0.0687960687960688
    },
    "v29": {
      "total": 0,
      "normalized": 0
    },
    "v3": {
      "total": 3.3083333333333336,
      "normalized": 0.1625716625716626
    },
    "v30": {
      "total": 0,
      "normalized": 0
    },
    "v31": {
      "total": 0.55,
      "normalized": 0.027027027027027032
    },
    "v32": {
      "total": 0,
      "normalized": 0
    },
    "v33": {
      "total": 0,
      "normalized": 0
    },
    "v34": {
      "total": 0.85,
      "normalized": 0.041769041769041775
    },
    "v35": {
      "total": 0,
      "normalized": 0
    },
    "v36": {
      "total": 0,
      "normalized": 0
    },
    "v37": {
      "total": 0,
      "normalized": 0
    },
    "v38": {
      "total": 0,
      "normalized": 0
    },
    "v4": {
      "total": 4.808333333333333,
      "normalized": 0.23628173628173627
    },
    "v5": {
      "total": 0,
      "normalized": 0
    },
    "v6": {
      "total": 2.774,
      "normalized": 0.13631449631449633
    },
    "v7": {
      "total": 0.7583333333333333,
      "normalized": 0.03726453726453727
    },
    "v8": {
      "total": 8.543999999999999,
      "normalized": 0.41985257985257984
    },
    "v9": {
      "total": 4.966666666666667,
      "normalized": 0.24406224406224408
    }
  }
}