{
  "epoch": 25,
  "computedAt": "2026-03-31T03:56:29.954Z",
  "merkleRoot": "14b86099c7c8fb7236c1e29b54b0f9e9900607c4a36fd17a31e3407385d8eee5",
  "scores": {
    "v1": {
      "total": 15.85,
      "normalized": 1
    },
    "v10": {
      "total": 0.55,
      "normalized": 0.034700315457413256
    },
    "v11": {
      "total": 3.324,
      "normalized": 0.2097160883280757
    },
    "v12": {
      "total": 1.8583333333333332,
      "normalized": 0.11724500525762355
    },
    "v13": {
      "total": 1.4523333333333333,
      "normalized": 0.09162986330178759
    },
    "v14": {
      "total": 1.3083333333333333,
      "normalized": 0.0825446898002103
    },
    "v15": {
      "total": 1.356,
      "normalized": 0.08555205047318613
    },
    "v16": {
      "total": 0.9823333333333333,
      "normalized": 0.061976866456361725
    },
    "v17": {
      "total": 0.7583333333333333,
      "normalized": 0.04784437434279706
    },
    "v18": {
      "total": 0.25600000000000006,
      "normalized": 0.016151419558359626
    },
    "v19": {
      "total": 0.55,
      "normalized": 0.034700315457413256
    },
    "v2": {
      "total": 6.166666666666667,
      "normalized": 0.3890641430073607
    },
    "v20": {
      "total": 0.55,
      "normalized": 0.034700315457413256
    },
    "v21": {
      "total": 0,
      "normalized": 0
    },
    "v22": {
      "total": 0,
      "normalized": 0
    },
    "v23": {
      "total": 0,
      "normalized": 0
    },
    "v24": {
      "total": 0,
      "normalized": 0
    },
    "v3": {
      "total": 3.0083333333333333,
      "normalized": 0.18980021030494218
    },
    "v4": {
      "total": 2.7583333333333333,
      "normalized": 0.1740273396424816
    },
    "v5": {
      "total": 0,
      "normalized": 0
    },
    "v6": {
      "total": 2.474,
      "normalized": 0.1560883280757098
    },
    "v7": {
      "total": 0.7583333333333333,
      "normalized": 0.04784437434279706
    },
    "v8": {
      "total": 6.444,
      "normalized": 0.4065615141955836
    },
    "v9": {
      "total": 4.966666666666667,
      "normalized": 0.31335436382754994
    }
  }
}