{
  "epoch": 40,
  "computedAt": "2026-04-05T03:58:18.095Z",
  "merkleRoot": "818cf303de4ebda9f7347333ef218656b880c47aa0080fb6b5a3d74615934d08",
  "scores": {
    "v1": {
      "total": 19.15,
      "normalized": 1
    },
    "v10": {
      "total": 0.55,
      "normalized": 0.02872062663185379
    },
    "v11": {
      "total": 3.324,
      "normalized": 0.17357702349869453
    },
    "v12": {
      "total": 1.8583333333333332,
      "normalized": 0.09704090513489991
    },
    "v13": {
      "total": 1.4523333333333333,
      "normalized": 0.07583986074847694
    },
    "v14": {
      "total": 1.6083333333333332,
      "normalized": 0.08398607484769365
    },
    "v15": {
      "total": 1.356,
      "normalized": 0.0708093994778068
    },
    "v16": {
      "total": 0.9823333333333333,
      "normalized": 0.051296779808529154
    },
    "v17": {
      "total": 0.7583333333333333,
      "normalized": 0.03959965187119234
    },
    "v18": {
      "total": 0.25600000000000006,
      "normalized": 0.01336814621409922
    },
    "v19": {
      "total": 0.55,
      "normalized": 0.02872062663185379
    },
    "v2": {
      "total": 6.466666666666667,
      "normalized": 0.3376849434290688
    },
    "v20": {
      "total": 2.25,
      "normalized": 0.1174934725848564
    },
    "v21": {
      "total": 0,
      "normalized": 0
    },
    "v22": {
      "total": 1.95,
      "normalized": 0.10182767624020889
    },
    "v23": {
      "total": 1.4,
      "normalized": 0.0731070496083551
    },
    "v24": {
      "total": 0,
      "normalized": 0
    },
    "v25": {
      "total": 0,
      "normalized": 0
    },
    "v26": {
      "total": 0.85,
      "normalized": 0.044386422976501305
    },
    "v27": {
      "total": 0,
      "normalized": 0
    },
    "v28": {
      "total": 1.4,
      "normalized": 0.0731070496083551
    },
    "v29": {
      "total": 0,
      "normalized": 0
    },
    "v3": {
      "total": 3.3083333333333336,
      "normalized": 0.17275892080069627
    },
    "v30": {
      "total": 0,
      "normalized": 0
    },
    "v31": {
      "total": 0.55,
      "normalized": 0.02872062663185379
    },
    "v32": {
      "total": 0,
      "normalized": 0
    },
    "v33": {
      "total": 0,
      "normalized": 0
    },
    "v34": {
      "total": 0,
      "normalized": 0
    },
    "v4": {
      "total": 4.508333333333333,
      "normalized": 0.23542210617928633
    },
    "v5": {
      "total": 0,
      "normalized": 0
    },
    "v6": {
      "total": 2.774,
      "normalized": 0.14485639686684074
    },
    "v7": {
      "total": 0.7583333333333333,
      "normalized": 0.03959965187119234
    },
    "v8": {
      "total": 7.644,
      "normalized": 0.3991644908616188
    },
    "v9": {
      "total": 4.966666666666667,
      "normalized": 0.2593559617058312
    }
  }
}