{
  "epoch": 34,
  "computedAt": "2026-04-03T03:54:29.458Z",
  "merkleRoot": "86fbeec70563510d486ba6e9dcf9e91140d6e6f627d5388f04339f6a0bf44a5d",
  "scores": {
    "v1": {
      "total": 17.95,
      "normalized": 1
    },
    "v10": {
      "total": 0.55,
      "normalized": 0.030640668523676882
    },
    "v11": {
      "total": 3.324,
      "normalized": 0.18518105849582173
    },
    "v12": {
      "total": 1.8583333333333332,
      "normalized": 0.10352831940575673
    },
    "v13": {
      "total": 1.4523333333333333,
      "normalized": 0.08090993500464252
    },
    "v14": {
      "total": 1.6083333333333332,
      "normalized": 0.08960074280408542
    },
    "v15": {
      "total": 1.356,
      "normalized": 0.07554317548746518
    },
    "v16": {
      "total": 0.9823333333333333,
      "normalized": 0.05472609099350046
    },
    "v17": {
      "total": 0.7583333333333333,
      "normalized": 0.04224698235840297
    },
    "v18": {
      "total": 0.25600000000000006,
      "normalized": 0.014261838440111425
    },
    "v19": {
      "total": 0.55,
      "normalized": 0.030640668523676882
    },
    "v2": {
      "total": 6.466666666666667,
      "normalized": 0.3602599814298979
    },
    "v20": {
      "total": 1.95,
      "normalized": 0.10863509749303621
    },
    "v21": {
      "total": 0,
      "normalized": 0
    },
    "v22": {
      "total": 1.1,
      "normalized": 0.061281337047353765
    },
    "v23": {
      "total": 1.1,
      "normalized": 0.061281337047353765
    },
    "v24": {
      "total": 0,
      "normalized": 0
    },
    "v25": {
      "total": 0,
      "normalized": 0
    },
    "v26": {
      "total": 0.55,
      "normalized": 0.030640668523676882
    },
    "v27": {
      "total": 0,
      "normalized": 0
    },
    "v28": {
      "total": 0.55,
      "normalized": 0.030640668523676882
    },
    "v29": {
      "total": 0,
      "normalized": 0
    },
    "v3": {
      "total": 3.3083333333333336,
      "normalized": 0.18430826369545034
    },
    "v30": {
      "total": 0,
      "normalized": 0
    },
    "v4": {
      "total": 3.3583333333333334,
      "normalized": 0.18709377901578458
    },
    "v5": {
      "total": 0,
      "normalized": 0
    },
    "v6": {
      "total": 2.774,
      "normalized": 0.15454038997214486
    },
    "v7": {
      "total": 0.7583333333333333,
      "normalized": 0.04224698235840297
    },
    "v8": {
      "total": 7.344,
      "normalized": 0.4091364902506964
    },
    "v9": {
      "total": 4.966666666666667,
      "normalized": 0.27669452181987003
    }
  }
}